#,Group,Last,First,Role,Agency,Email,Current affiliation,Evidence
18,A: UVA email on grant,Allen,Timothy,PI,NSF,teallen@virginia.edu,Unknown (grant email virginia.edu),Search found no UVA page for Timothy Allen; only namesakes elsewhere.
23,A: UVA email on grant,Arnold,Peter,PI,NSF,pa6z@virginia.edu,Unknown (grant email virginia.edu),No UVA page found for Peter Arnold in search results.
24,A: UVA email on grant,Arras,Philip,PI,NSF,arras@virginia.edu,UVA Astronomy (as of 2008),Only a 2008 UVA News mention of astronomer Philip Arras found.
25,A: UVA email on grant,Asadi,Somayeh,PI,NSF,rkn3gr@virginia.edu,Unknown (grant email virginia.edu),No search result linked Somayeh Asadi to UVA.
29,A: UVA email on grant,Baessler,Stefan,PI,NSF,sfb5d@virginia.edu,Unknown (grant email virginia.edu),No search result confirmed Stefan Baessler at UVA Physics.
30,A: UVA email on grant,Bailey,Robert,Co-PI,NSF,rrb5b@virginia.edu,Unknown (grant email virginia.edu),Common name; no UVA-affiliated Robert Bailey found.
32,A: UVA email on grant,Band,Lawrence,Co-PI,NSF,lband@virginia.edu,Unknown (grant email virginia.edu),Search returned nothing relevant for Lawrence Band at UVA.
36,A: UVA email on grant,Bates,Jason,PI,NSF,jsb9vw@virginia.edu,Unknown (grant email virginia.edu),No UVA-affiliated Jason Bates found in search.
40,A: UVA email on grant,Behl,Madhur,PI,NSF,mb2kg@virginia.edu,Unknown (grant email virginia.edu),Search returned no UVA page for Madhur Behl.
44,A: UVA email on grant,Bergland,Alan,PI,NSF,aob2x@virginia.edu,Likely UVA Biology (unverified),Search returned no results for him; UVA Biology affiliation not confirmed by sources.
46,A: UVA email on grant,Bezzo,Nicola,PI,NSF,nb6be@virginia.edu,Likely UVA Engineering (unverified),Search returned no results for Bezzo; affiliation not confirmed.
79,A: UVA email on grant,Chabalengula,Vivien,Co-PI,NSF,mweene@virginia.edu,University of Virginia (per grant email),Only the virginia.edu email on the NSF grant; search found no profile.
83,A: UVA email on grant,Chang,Qing,PI,NSF,qc9nq@virginia.edu,University of Virginia (per grant email),Only the virginia.edu email on the NSF grant; search found no profile.
85,A: UVA email on grant,Chen,Chen,PI,NSF,zrh6du@virginia.edu,University of Virginia (per grant email),Common name; only a DBLP entry with a UVA affiliation plus the virginia.edu grant email.
90,A: UVA email on grant,Chiu,Jennifer,"PI, Co-PI",NSF,jlchiu@virginia.edu,"University of Virginia, School of Education and Human Development","ASCD and Berkeley WISE pages place her at UVA, but undated and not a UVA profile; virginia.edu email on grant."
123,A: UVA email on grant,Davis,Shane,"PI, Co-PI",NSF,swd8g@virginia.edu,unknown,Two searches found no UVA page for Shane Davis; only the virginia.edu email ties him to UVA.
125,A: UVA email on grant,Deans,Sarah,Co-PI,NSF,scl9qp@virginia.edu,unknown,No search result for Sarah Deans at UVA; only the virginia.edu email ties her to UVA.
136,A: UVA email on grant,Downer,Jason,PI,NSF,jd2fe@Virginia.edu,UVA School of Education and Human Development (likely),Only 2024 payroll data and older UVA news show him at UVA; no 2025-2026 evidence found.
153,A: UVA email on grant,Esfarjani,Keivan,Co-PI,NSF,ke4c@virginia.edu,Likely UVA (virginia.edu email on NSF award),Search found no UVA page; only the grant's virginia.edu email links him to UVA.
172,A: UVA email on grant,Fox,Geoffrey,"PI, Co-PI",NSF,vxj6mb@virginia.edu,UVA Biocomplexity Institute / Computer Science (per Wikipedia),Only Wikipedia says he is a UVA Biocomplexity professor. No dated official UVA profile was found.
177,A: UVA email on grant,Gao,Xinfeng,PI,NSF,dny7df@virginia.edu,Likely UVA (virginia.edu email on NSF award),Search found no UVA page; only the grant's virginia.edu email links them to UVA.
186,A: UVA email on grant,Gazaki,Evangelia,PI,NSF,eg4va@virginia.edu,Unknown,"Search found no results linking Evangelia Gazaki to UVA, though the NSF record has a virginia.edu email."
218,A: UVA email on grant,Harman,Walter,"Contact PI, Co-PI","NIH, NSF",wdh5z@virginia.edu,UVA (Professor and Dept Chair per payroll),Only third-party payroll data through 2024 shows him as UVA professor/chair; no 2025-26 UVA source found.
223,A: UVA email on grant,Hartvigsen,Thomas,Co-PI,NSF,hartvigsen@virginia.edu,UVA School of Data Science,UVA SDS news from 2024 shows him at UVA (joined 2023); no 2025-26 source checked.
245,A: UVA email on grant,Humphries,Peter,PI,NSF,ph7ph@virginia.edu,unknown (NSF lists virginia.edu email),No search result found for Peter Humphries at UVA; NSF record has a UVA email.
247,A: UVA email on grant,Hutchins,Ronald,PI,NSF,rrh8z@virginia.edu,unknown (NSF lists virginia.edu email),No search result found for Ronald Hutchins at UVA; NSF record has a UVA email.
248,A: UVA email on grant,Ihlefeld,Jon,"PI, Co-PI",NSF,jfi4n@virginia.edu,likely UVA Materials Science & Engineering (NSF lists virginia.edu email),Search returned no page for Jon Ihlefeld; only the NSF UVA email supports UVA.
251,A: UVA email on grant,Iqbal,Tariq,PI,NSF,ti3fe@virginia.edu,unknown (NSF lists virginia.edu email),No search result linked Tariq Iqbal to UVA; NSF record has a UVA email.
256,A: UVA email on grant,James,Daniel,Co-PI,NSF,hdj4nd@virginia.edu,unknown (NSF lists virginia.edu email),No search result found for Daniel James at UVA; NSF record has a UVA email.
264,A: UVA email on grant,Johnson,Bradley,PI,NSF,bradley.johnson@virginia.edu,Unknown,Search for the name plus UVA found no relevant profile; the name is common and the field is unknown.
277,A: UVA email on grant,Kennedy,Michael,Co-PI,NSF,mkennedy@virginia.edu,unknown,Two searches found no UVA profile for a Michael Kennedy matching an NSF award.
293,A: UVA email on grant,Kozminski,Keith,PI,NSF,kgk8d@virginia.edu,"University of Virginia, Biology (likely)","Only older UVA-linked pages (iGEM 2015-2016) list him as Associate Professor of Biology; no 2025+ UVA profile found, though his virginia.edu email fits."
302,A: UVA email on grant,Kuo,Yen-Ling,"PI, Co-PI",NSF,ylkuo@virginia.edu,"UVA (Computer Science, LIVE Robotics lab), likely",An undated NTU internship listing names her as UVA Assistant Professor; no virginia.edu profile in results.
303,A: UVA email on grant,Kutaka,Traci,PI,NSF,traci.kutaka@virginia.edu,Unknown (virginia.edu email on grant),The search found nothing on her; only the grant's virginia.edu email links her to UVA.
326,A: UVA email on grant,Li,Jundong,PI,NSF,jl6qk@virginia.edu,UVA ECE/CS/Data Science (as of 2023),UVA Data Science news and 2023 posting show him as UVA assistant professor; no 2025-2026 evidence found.
327,A: UVA email on grant,Li,Sheng,PI,NSF,vga8uf@virginia.edu,UVA School of Data Science (possibly on leave at Oracle),"July 2025 CV and Oct 2025 news show UVA associate professor, but Oracle profile says he is on leave from UVA as Oracle scientist."
332,A: UVA email on grant,Limaye,Ajay,PI,NSF,ajay@virginia.edu,unknown,Two searches found no web evidence linking Ajay Limaye to UVA.
333,A: UVA email on grant,Lin,Felix Xiaozhu,PI,NSF,felixlin@virginia.edu,UVA Dept of Computer Science (unverified),Search returned no profile for Felix Xiaozhu Lin; UVA email on grant only.
334,A: UVA email on grant,Lin,Zongli,Co-PI,NSF,zl5y@virginia.edu,UVA Dept of ECE (as of 2001),Only old (2001) evidence of UVA EE affiliation found.
344,A: UVA email on grant,Lou,Chang,PI,NSF,chlou@virginia.edu,Unknown (has virginia.edu email),Search found no UVA profile for Chang Lou; the only basis for UVA is the virginia.edu email on the NSF award.
356,A: UVA email on grant,Maeng,Jennifer,Co-PI,NSF,jlc7d@virginia.edu,Unknown,Search returned nothing on Jennifer Maeng; only the virginia.edu email links her to UVA.
357,A: UVA email on grant,Magee,Neal,Co-PI,NSF,nem2p@virginia.edu,Unknown,No results tying Neal Magee to UVA; only the virginia.edu email in the grant record.
360,A: UVA email on grant,Maloni,Sara,"PI, Co-PI",NSF,sm4cw@virginia.edu,Unknown,No search results for Sara Maloni at UVA; only the virginia.edu email in the grant record.
405,A: UVA email on grant,Mumba,Frackson,PI,NSF,mumba@virginia.edu,UVA School of Education and Human Development (likely),"Associate professor of science education at UVA per a 2023 Fulbright story and CV; no 2025+ confirmation, though he has a virginia.edu email."
418,A: UVA email on grant,Ono,Ken,PI,NSF,ken.ono691@virginia.edu,"Axiom Math (Palo Alto), on extended leave from UVA",On extended leave from UVA; working at Axiom Math (Palo Alto) since 2025.
419,A: UVA email on grant,Orebaugh,Angela,Co-PI,NSF,ado4v@virginia.edu,unknown,Search found no UVA page for Angela Orebaugh despite virginia.edu email on grant.
425,A: UVA email on grant,Paolucci,Chris,"PI, Co-PI",NSF,cp9wx@virginia.edu,unknown,Search found no UVA page for Chris Paolucci despite virginia.edu email on grant.
441,A: UVA email on grant,Peterson,Lisa,PI,NSF,lmc6b@virginia.edu,unknown,"Searches found no UVA Lisa Peterson (likely Lisa Colosi Peterson, engineering) but no confirming result."
453,A: UVA email on grant,Porter,Michael,"PI, Multi-PI","NIH, NSF",mdp2u@virginia.edu,Unknown (has virginia.edu email mdp2u),No UVA profile found for Michael Porter; the ChE search turned up only Marc D. Porter at Utah and unrelated namesakes.
461,A: UVA email on grant,Qi,You,PI,NSF,yq2dw@virginia.edu,Unknown (has virginia.edu email yq2dw),Search found no You Qi at UVA; only an unrelated Heidelberg doctoral student.
462,A: UVA email on grant,Qian,Kun,PI,NSF,xts4uh@virginia.edu,Unknown,Search found no Kun Qian at UVA; only unrelated people with the same name.
464,A: UVA email on grant,Quigley,James,PI,NSF,mbp6pj@virginia.edu,Unknown,Search found no James Quigley at UVA; the grant email (mbp6pj) does not match the name.
473,A: UVA email on grant,Reidenbach,Matthew,Co-PI,NSF,reidenbach@virginia.edu,"University of Virginia, Environmental Sciences (as of 2023)",Only found a Jan 2023 UVA EVSC news item honoring Matt Reidenbach; no 2025-2026 evidence.
482,A: UVA email on grant,Rolf,James,PI,NSF,jsr2pz@virginia.edu,"University of Virginia, Mathematics (as of 2018)",2018 UVA Math Bulletin reports hiring James Rolf for calculus reform; no 2025-2026 evidence found.
488,A: UVA email on grant,Russell,Shawn,Co-PI,NSF,sdr2n@virginia.edu,"University of Virginia, Orthopaedic Surgery/Engineering (as of 2018)",Only a 2018 UVA Today faculty spotlight on Prof. Shawn Russell found; NSF record has virginia.edu email.
493,A: UVA email on grant,Schiro,Kathleen,PI,NSF,kschiro@virginia.edu,unknown,No search results found for this name; has virginia.edu email on NSF grant.
541,A: UVA email on grant,Stan,Mircea,Co-PI,NSF,mircea@virginia.edu,UVA ECE (likely),"Only Math Genealogy shows UVA PhD students (2007, 2015); no current profile surfaced, though grant email is virginia.edu."
559,A: UVA email on grant,Tang,Tengteng,PI,NSF,Toni.Tang@virginia.edu,unclear (UVA email on grant; Union College page found),Undated Union College page lists a Tengteng Tang as ME assistant professor; no UVA page found despite virginia.edu grant email.
563,A: UVA email on grant,Teles,Mariana,Co-PI,NSF,mt2yq@virginia.edu,unknown,Two searches found no Mariana Teles at UVA; grant email mt2yq@virginia.edu is a UVA computing ID.
588,A: UVA email on grant,Wang,Weiqiang,PI,NSF,ww9c@virginia.edu,UVA Mathematics (likely),"Math Genealogy shows UVA PhD students through 2024, but no 2025-2026 UVA profile found."
593,A: UVA email on grant,Wilson,Barbara,Co-PI,NSF,bbwilson@virginia.edu,UVA School of Architecture (likely Barbara Brown Wilson),Search shows a Barbara Brown Wilson in UVA urban planning (older pages); no 2025-2026 evidence found.
619,A: UVA email on grant,Yi,Xu,PI,NSF,xy3m@virginia.edu,Unknown (virginia.edu email on grant),Search found no UVA page for Xu Yi; the only hits were namesakes in China.
637,A: UVA email on grant,Zhou,Bicheng,PI,NSF,bicheng.zhou@virginia.edu,Unknown (virginia.edu email on NSF award),No web result found for Bicheng Zhou at UVA or elsewhere in two searches.
1,B: Other,Abbas,Tarek,Contact PI,NIH,,unknown,Two searches found no page tying Tarek Abbas to UVA.
4,B: Other,Abebayehu,Daniel,Contact PI,NIH,,UVA School of Engineering (likely),An undated UVA Today page describes him as a UVA assistant engineering professor; no 2025-2026 profile was found.
5,B: Other,Abounader,Roger,Contact PI,NIH,,UVA School of Medicine (as of 2023),The only UVA evidence found is a July 2023 School of Medicine newsletter profile.
22,B: Other,Arandjelovic,Sanja,Contact PI,NIH,,UVA School of Medicine (as of 2023),Only a 2023 UVA SOM news item lists her as assistant professor with NIH RA awards.
43,B: Other,Bell,Laura,Contact PI,NIH,,Unclear (possibly UVA research associate),"Only a payroll-site listing of a Laura Bell, Research Associate at UVA; no profile, common name."
67,B: Other,Cai,Chuanxi,Contact PI,NIH,,Unknown,No search results linking Chuanxi Cai to UVA.
69,B: Other,Caliari,Steven,Contact PI,NIH,,Likely UVA Engineering,Only a Feb 2023 UVA Today article (Research Excellence Award); no 2025-2026 evidence found.
73,B: Other,Campbell,John,Contact PI,NIH,,,Search found no John Campbell at UVA (common name; other John Campbells at UMaryland etc.).
74,B: Other,Canderan,Glenda,Contact PI,NIH,,,No web results for Glenda Canderan at UVA.
76,B: Other,Carlson,Andrew,Contact PI,NIH,,,No UVA Andrew Carlson found; results were people at other institutions.
77,B: Other,Casanova,James,Contact PI,NIH,,,No web results for James Casanova at UVA.
86,B: Other,Cheng,Lily,Contact PI,NIH,,University of Virginia (per NIH aggregator),Only an NIH-funding aggregator lists Lily S. Cheng at UVA with an FY2024 K08; no UVA profile found.
92,B: Other,Chong,Zechen,Contact PI,NIH,,,No web results for Zechen Chong at UVA.
106,B: Other,Connelly,Jessica,Contact PI,NIH,,UVA Psychology (likely),Only Wikipedia and an IMPRS faculty list tie her to UVA Psychology; no dated virginia.edu source found.
109,B: Other,Cowardin,Carrie,Contact PI,NIH,,UVA School of Medicine,"2024 UVA Health news covers Carrie Cowardin, PhD's undernutrition research; no 2025-26 source found."
114,B: Other,Criss,Alison,"Contact PI, Multi-PI",NIH,,"UVA Dept of Microbiology, Immunology, and Cancer Biology (as of 2017)",Only 2017-era evidence of UVA microbiology faculty / GIDI director role found.
119,B: Other,Culver,Silas,Contact PI,NIH,,"UVA Health, Endocrinology",Undated UVA Medicine Matters faculty profile of an endocrinologist (fellowship done 2017); no recent source.
128,B: Other,Desai,Bimal,Contact PI,NIH,,"UVA SOM, Pharmacology (likely)",UVA Pharmacology news shows him there through 2023 (Shannon fellowship); no 2025-26 source found.
148,B: Other,England,Paul,Co-PI,NSF,england.paul@gmail.com,Unknown,No result links a Paul England to UVA; grant record shows a gmail address.
169,B: Other,Flowers,Sarah,Contact PI,NIH,,UVA Dept of Neuroscience (likely),Only evidence is an undated job posting for a postdoc in Dr. Sarah Flowers' NIH-funded Alzheimer's/glycomics lab at UVA Neuroscience. No faculty profile found.
174,B: Other,Fu,Zheng,Contact PI,NIH,,Unknown (a Zheng Fu was at VCU),"Two searches found no UVA page, only an older VCU Human Genetics faculty member of that name."
175,B: Other,Gadrey,Shrirang,Contact PI,NIH,,Unknown,Search returned no page for Shrirang Gadrey at UVA.
179,B: Other,Garcia,Melissa,Contact PI,NIH,,Unknown,"Common name; search found no Melissa Garcia at UVA, only people at other institutions."
188,B: Other,Gelfand,Bradley,"Contact PI, Multi-PI",NIH,,"UVA Ophthalmology (Center for Advanced Vision Science), per 2023 evidence",The latest dated UVA evidence is an April 2023 newsletter about a grant; no 2025-2026 source found.
192,B: Other,Gibson,Jessie,Contact PI,NIH,,UVA School of Nursing (undated evidence),An undated UVA News item describes her as a UVA nurse scientist studying Huntington's disease; no 2025-2026 source found.
193,B: Other,Gilchrist,Carol,"Contact PI, Multi-PI",NIH,,UVA Division of Infectious Diseases and International Health (per publications),"Only publication affiliations (JoVE, a 2023-era JCI paper) in the Petri group link her to UVA; no current profile found."
205,B: Other,Guagliardo,Nick,Contact PI,NIH,,Unknown,Search found no results for Nick Guagliardo at UVA.
209,B: Other,Gumbiner,Barry,Contact PI,NIH,,UVA Department of Cell Biology (as of 2022),"Only a Dec 2022 UVA Health news item (research professor, Cell Biology, NIH R01); no newer evidence."
228,B: Other,He,Jiang,Contact PI,NIH,,unknown (possibly UVA),Only an aggregator profile ties a Jiang He (molecular imaging) to UVA; not confirmed by a UVA source.
229,B: Other,Hendrick,Jennifer,Contact PI,NIH,,Unknown,No UVA profile or news found for Jennifer Hendrick.
230,B: Other,Hendrickson,Eric,Contact PI,NIH,,"UVA Medicine, Hematology/Oncology (as of 2023)",2023 UVA Health news on $2.3M grant and UVA lab members page; no 2025-2026 evidence.
237,B: Other,Hirschi,Karen,"Contact PI, Multi-PI",NIH,,UVA Department of Cell Biology (as of 2024),"2021 UVA post (Alumni Professor of Cell Biology, joined 2019) and 2024 UNC seminar listing UVA; no 2025+ evidence."
239,B: Other,Horton,William,Contact PI,NIH,,Unknown,No UVA researcher named William Horton found in search.
243,B: Other,Hudson,Krystalyn,Contact PI,NIH,,unknown,No search result found for Krystalyn Hudson at UVA.
244,B: Other,Hulleman,Christopher,Contact PI,NIH,,UVA School of Education and Human Development / Batten School,UVA-hosted CV dated Aug 2024 lists him as professor and Motivate Lab director; no 2025-26 source found.
252,B: Other,Isakson,Brant,Contact PI,NIH,,"UVA School of Medicine, Molecular Physiology & Biological Physics",UVA SOM news from 2023-2024 shows him as professor (2024 Berne lectureship); no 2025-26 source found.
255,B: Other,Jacob,Mathews,Contact PI,NIH,,UVA (moved from University of Iowa 2024),Iowa CBIG page says Mathews Jacob moved to UVA in 2024; no UVA profile surfaced.
257,B: Other,Janes,Kevin,"Contact PI, Multi-PI",NIH,,UVA Biomedical Engineering,Only an old (~2014) UVA News item shows Kevin Janes as UVA BME professor.
258,B: Other,Jash,Arijita,Contact PI,NIH,,unknown,No search result found for Arijita Jash at UVA.
260,B: Other,Jiang,Lulu,"Contact PI, Multi-PI",NIH,,"UVA School of Medicine, Department of Neuroscience",UVA SOM news from Dec 2024 shows her as assistant professor with a $3.6M NIA R01; no 2025-26 source found.
267,B: Other,Joshi,Suchitra,Contact PI,NIH,,Unknown,No search result for Suchitra Joshi at UVA.
275,B: Other,Kelly,Kimberly,Contact PI,NIH,,UVA Biomedical Engineering (as of 2017),Only a 2017 UVA SOM item lists her as BME associate professor; no 2025-2026 evidence.
284,B: Other,Kim,John,Contact PI,NIH,,Possibly University of Virginia (John S. Kim),"Common name; an aggregator lists a John S. Kim at UVA with a first NIH award in 2024, but no UVA profile was found."
290,B: Other,Kosek,Margaret,Contact PI,NIH,,Unknown,Search returned no result for Margaret Kosek at UVA.
294,B: Other,Kron,Irving,"Contact PI, Multi-PI",NIH,,"University of Virginia, Surgery (unclear)","Long-time UVA surgery chair (to 2017), then held roles at the University of Arizona 2018-20; some UVA pages still list him, but no 2025+ confirmation."
300,B: Other,Kulkarni,Saurabh,Contact PI,NIH,,UVA Cell Biology (as of 2021),Only a 2021 UVA Cell Biology item lists him as Assistant Professor; no newer evidence found.
314,B: Other,Lee,Carolyn,Contact PI,NIH,,Unknown,The search found no UVA Carolyn Lee; the name is common.
316,B: Other,Lee,Ryan,Contact PI,NIH,,Unknown,The search found no UVA SOM Ryan Lee; the name is common.
317,B: Other,Leitinger,Norbert,Contact PI,NIH,,University of Virginia (Pharmacology / CVRC),"LIPID MAPS webinar and a Virginia state-jobs postdoc listing describe him as UVA Professor of Pharmacology; neither is dated, and no 2025-2026 UVA profile turned up."
324,B: Other,Li,Chaofan,Contact PI,NIH,,Unknown,"Common name; no UVA profile found, though one Chaofan Li co-authors with Jie Sun, who is now at UVA."
325,B: Other,Li,Hui,Contact PI,NIH,,UVA Dept of Pathology (as of ~2024),"UVA news shows Hui Li, PhD, Pathology professor (chimeric RNA); no 2025-2026 evidence found."
336,B: Other,Little,Melissa,Contact PI,NIH,,"University of Virginia, Public Health Sciences (as of 2017)","Only UVA evidence found is a 2017 PHS faculty page (Assoc. Prof., tobacco control)."
341,B: Other,Lobo,Jennifer,Contact PI,NIH,,"University of Virginia, Public Health Sciences (as of 2017)",Only a 2017 EMU news item names Jennifer Mason Lobo as UVA PHS assistant professor; no current profile found.
342,B: Other,Long,Nicole,Contact PI,NIH,,"University of Virginia, Psychology (as of 2024)",A 2024 Yale news item mentions a student joining Nicole Long's lab at UVA Psychology; no current profile found.
346,B: Other,Lu,Tsai-Yi,Contact PI,NIH,,Unknown,No results for Tsai-Yi Lu at UVA.
347,B: Other,Lu,Xiaowei,Contact PI,NIH,,University of Virginia (per NIH aggregator),"Only a funding aggregator lists Xiaowei Lu at UVA with FY2024 NIH grants (neural tube, hair cells); no UVA profile found."
350,B: Other,Lynch,Kevin,Contact PI,NIH,,University of Virginia (Pharmacology) - undated,Crunchbase and older UVA Pharmacology posts list him as Professor/Vice-Chair of Pharmacology; no dated 2025-2026 UVA source found.
361,B: Other,Manferdelli,John,Co-PI,NSF,johnmanferdelli@hotmail.com,Unknown (previously Northeastern University / Google),No UVA link found; an older news item says Northeastern hired him to lead a cybersecurity institute; grant email is hotmail.
368,B: Other,Marto,Jarrod,Contact PI,NIH,,Likely University of Virginia (Biochemistry & Molecular Genetics / Chemistry),Aggregated UVA job postings list Dr. Jarrod Marto in UVA BMG and Chemistry recruiting postdocs; no official UVA profile found (formerly Dana-Farber/Harvard).
369,B: Other,Mason,Kazlin,Contact PI,NIH,,University of Virginia (School of Education) - 2024,UVA research news listing mentions her as UVA education faculty receiving a 2024 honor; no 2025-2026 source found.
374,B: Other,Mcculloch,Michael,Contact PI,NIH,,UVA Health (Pediatric Cardiology),"Michael McCulloch MD, professor of pediatrics at UVA Children's since 2017, featured in Oct 2024 SOM newsletter; no 2025+ evidence found."
379,B: Other,Mcintyre,Daniel,Contact PI,NIH,,unknown,Search found no Daniel McIntyre linked to UVA.
380,B: Other,Mcmanus,Kathleen,Contact PI,NIH,,"UVA Dept of Medicine, Infectious Diseases (as of 2023)",UVA Health news from 2023 lists her as an ID assistant professor; no 2025-26 evidence found.
383,B: Other,Medrano,Silvia,Contact PI,NIH,,unknown,Two searches found no Silvia Medrano at UVA.
391,B: Other,Misra,Madhusmita,Contact PI,NIH,,UVA Dept of Pediatrics (as of 2024),Jan 2024 UVA news reports her appointment as Pediatrics chair; no 2025-26 evidence found.
396,B: Other,Moon,Rachel,Contact PI,NIH,,UVA SOM Pediatrics (likely),"Described as Harrison Distinguished Professor and division head of general pediatrics at UVA, but the results surfaced no dated 2025+ UVA profile."
406,B: Other,Munger,Steven,Contact PI,NIH,,UVA Otolaryngology (likely),"Professor and co-director of research in UVA Otolaryngology, from a 2024 grant announcement and a Dec 2024 profile; no 2025+ evidence."
414,B: Other,O'Rourke,Eyleen,Contact PI,NIH,,UVA (as of 2023),Only a March 2023 UVA Health news item found; no 2025-2026 evidence.
417,B: Other,Onengut,Suna,"Contact PI, Multi-PI",NIH,,UVA Public Health Sciences / CPHG (as of 2024),Feb 2024 UVA page lists Suna Onengut-Gumuscu as associate professor; no 2025-2026 evidence found.
423,B: Other,Pani,Ariel,Contact PI,NIH,,unknown,Two searches found no UVA page for Ariel Pani.
433,B: Other,Patel,Manoj,"Contact PI, Multi-PI",NIH,,unknown,Search found no UVA anesthesiology page for Manoj Patel.
434,B: Other,Paudel,B. Bishal,Contact PI,NIH,,UVA BME postdoc (as of 2022),Only a 2022 UVA SASCO lab member page listing him as BME postdoc.
439,B: Other,Perez-Reyes,Edward,Contact PI,NIH,,UVA Dept of Pharmacology (unverified as current),"Only undated/older listings (Kerafast, JoVE) place him in UVA Pharmacology; no 2025-2026 evidence found."
440,B: Other,Perkeybile,Allison,"Contact PI, Multi-PI",NIH,,UVA Dept of Psychology (likely),Joined UVA Psychology in 2021 from Kinsey Institute; latest UVA evidence is a 2024 paper.
452,B: Other,Porter,Kathleen,Contact PI,NIH,,Unknown,Search found no Kathleen Porter at UVA; only unrelated people with the same name.
480,B: Other,Rodriguez Lozano,Patricia,Contact PI,NIH,,"UVA Health, Cardiology (per undated AHA article)","AHA Eastern States article describes her leading UVA's Women's Heart Care Program; undated, no UVA-domain profile found."
487,B: Other,Ruiz,Fernando,Contact PI,NIH,,Unknown,Two searches found no Fernando Ruiz linked to UVA; common name.
489,B: Other,Rutkowski,Melanie,"Contact PI, Multi-PI",NIH,,University of Virginia (as of 2019); possibly Texas A&M,"UVA evidence dates to 2019, but a Rutkowski Lab page on research.tamhsc.edu (Texas A&M) suggests a possible move."
490,B: Other,Santiago,Araceli,Contact PI,NIH,,,Two searches found no Araceli Santiago linked to UVA; only unrelated namesakes.
512,B: Other,Sheynkman,Gloria,Contact PI,NIH,,UVA Molecular Physiology and Biological Physics (as of 2024),"Only a 2024 UVA CVRC seminar listing (as Assistant Professor, MPBP) found; no 2025-26 evidence."
528,B: Other,Smith,Lora,Contact PI,NIH,,unknown,"Search found no Lora Smith at UVA, only similarly named people elsewhere."
529,B: Other,Smith,Scott,Contact PI,NIH,,possibly UVA Health Infectious Diseases,"Only a Healthline listing for a Dr. Scott Smith at UVA Health Infectious Diseases Clinic; common name, unverified."
532,B: Other,Somerville,Lindsay,Contact PI,NIH,,unknown,"Two searches (pediatrics, cystic fibrosis) returned no page naming Lindsay Somerville at UVA."
536,B: Other,Spencer,Brady,Contact PI,NIH,,"University of Virginia School of Medicine, Microbiology, Immunology, and Cancer Biology",Sept 2024 UVA SOM news reports assistant professor Brady Spencer got an NIH K22; no 2025-26 evidence found.
542,B: Other,Steen,Amber,Contact PI,NIH,,unknown,Two searches found no Amber Steen at UVA or elsewhere.
543,B: Other,Stukenberg,P. Todd,Contact PI,NIH,,UVA Biochemistry & Molecular Genetics,UVA SOM news from 2022-2023 shows him as professor; no 2025+ evidence found.
554,B: Other,Swami,Nathan,Contact PI,NIH,,UVA ECE (likely),Only an old undated Wichita State notice lists him as UVA ECE assistant professor.
558,B: Other,Tang,Shangming,Contact PI,NIH,,unknown,No search result for Shangming Tang at UVA or elsewhere.
560,B: Other,Taniuchi,Mami,Contact PI,NIH,,"UVA Medicine, Infectious Diseases",Sept 2023 UVA SOM news lists her as associate professor; no 2025+ evidence.
581,B: Other,Von Gaudecker,Jane,Contact PI,NIH,,Indiana University School of Nursing,Conflicting: UVA Nursing page lists her; Indiana University news from Sept-Oct 2025 still shows her at IU.
586,B: Other,Wang,Lixin,Contact PI,NIH,,unknown,"Two searches found no UVA-linked Lixin Wang, only same-name researchers in China."
589,B: Other,Weaver,Tyler,Contact PI,NIH,,unknown,Only an undated payroll aggregator lists a UVA Assistant Professor named Tyler Weaver; no department found.
598,B: Other,Witt,Russell,Contact PI,NIH,,unknown,Two searches found no evidence of a Russell Witt at UVA.
605,B: Other,Wotton,David,Contact PI,NIH,,UVA Biochemistry and Molecular Genetics (likely),The only UVA evidence found is a February 2023 award news item and an undated course listing; no 2025-2026 profile turned up.
607,B: Other,Xie,Jinghang,Contact PI,NIH,,UVA Molecular Physiology and Biological Physics (likely),The only evidence found is a June 2024 UVA Cancer Center news item about him joining as an assistant professor; nothing from 2025-2026 turned up.
610,B: Other,Yadava,Ramesh,Contact PI,NIH,,"UVA Pathology (Mahadevan lab), last seen 2021",Ramesh S. Yadava appears on UVA myotonic dystrophy papers up to 2021; no current profile was found.
627,B: Other,Zeitlin,Scott,Contact PI,NIH,,Unknown,"Search found no Scott Zeitlin at UVA (likely the Scott Zeitlin in UVA Neuroscience/Huntington disease, but not verified)."
631,B: Other,Zhang,Tianpeng,Contact PI,NIH,,Unknown,Search found no UVA page for Tianpeng Zhang.
633,B: Other,Zhao,Hua,Contact PI,NIH,,Unknown,"Search found no UVA page for Hua Zhao; the only hits were namesakes at UMN, Brunel and Shandong."
62,C: NIH Multi-PI only,Brown,Michael,Multi-PI,NIH,,unknown,"Two searches found no UVA Michael Brown matching an NIH Multi-PI; common name, unresolved."
70,C: NIH Multi-PI only,Campbell,Adrienne,Multi-PI,NIH,,Unknown (may be Multi-PI elsewhere),No search results linking Adrienne Campbell to UVA.
81,C: NIH Multi-PI only,Chamberlain,James,Multi-PI,NIH,,,No James Chamberlain at UVA found; Multi-PI may be at another institution.
82,C: NIH Multi-PI only,Chandler,Heather,Multi-PI,NIH,,,No Heather Chandler at UVA found (an unrelated one is at U Wyoming); Multi-PI may be elsewhere.
88,C: NIH Multi-PI only,Cheon,In Su,Multi-PI,NIH,,,No web results for In Su Cheon at UVA; Multi-PI may be elsewhere.
91,C: NIH Multi-PI only,Cho,Michael,Multi-PI,NIH,,,"No Michael Cho at UVA found (others at Iowa State, Duke); Multi-PI may be elsewhere."
96,C: NIH Multi-PI only,Clark,Timothy,Multi-PI,NIH,,unknown,"Search found no Timothy Clark at UVA; common name, and NIH Multi-PI could be at another institution."
102,C: NIH Multi-PI only,Colson,Eve,Multi-PI,NIH,,unknown (likely another institution),No UVA link found for Eve Colson; the NIH Multi-PI is probably a co-lead elsewhere.
110,C: NIH Multi-PI only,Cox,Daniel,Multi-PI,NIH,,UVA Dept of Psychiatry and Neurobehavioral Sciences (as of 2023),"Daniel J. Cox, PhD, UVA psychiatry professor with NIH diabetes R01 in 2023 news; no 2025-2026 evidence found."
118,C: NIH Multi-PI only,Culp,Stephen,Multi-PI,NIH,,UVA Dept of Urology (as of 2024),UVA Health urologist and Medical Faculty Senate chair per 2024 coverage; no 2025-2026 confirmation.
122,C: NIH Multi-PI only,Davis,Jennifer,Multi-PI,NIH,,unknown,"Common name; search found UVA COO Jennifer Wagner Davis and unrelated physicians, nothing matching an NIH researcher; follow-up not run."
130,C: NIH Multi-PI only,Dighe,Abhijit,Multi-PI,NIH,,Unknown,No search result links an Abhijit Dighe to UVA; Multi-PI may be at another institution.
173,C: NIH Multi-PI only,French,Brent,Multi-PI,NIH,,UVA Biomedical Engineering (likely),"UVA BME profile shows him as Professor and co-I on a 2024-2028 R01, but no dated 2025-2026 evidence."
213,C: NIH Multi-PI only,Hageman,Michael,Multi-PI,NIH,,Unknown,No UVA connection found in search; likely a Multi-PI at another institution.
216,C: NIH Multi-PI only,Halme,Adrian,Multi-PI,NIH,,UVA Department of Cell Biology (as of 2017),Only 2016-2017 UVA Cell Biology news (promotion to associate professor); no recent profile found.
227,C: NIH Multi-PI only,Hayes,John,Multi-PI,NIH,,unknown (possibly Penn State),"Ambiguous: a NIH database links a John Edward Hayes to UVA, but a well-known John E. Hayes is at Penn State."
232,C: NIH Multi-PI only,Heymann,Peter,Multi-PI,NIH,,UVA Pediatrics (Allergy/Pulmonary),"UVA CHRC key-investigator page; latest items ~2019 (honorary lecture), long-tenured so may be emeritus."
241,C: NIH Multi-PI only,Hsu,Fang-Chi,Multi-PI,NIH,,Unknown (likely non-UVA),No UVA link found; only match a Harvard global health postdoc; likely a Multi-PI elsewhere.
250,C: NIH Multi-PI only,Ingersoll,Karen,Multi-PI,NIH,,UVA Psychiatry & Neurobehavioral Sciences,UVA Health news from May 2023 lists her as professor of psychiatry; no 2025-26 source found.
265,C: NIH Multi-PI only,Johnston,Karen,Multi-PI,NIH,,"University of Virginia, Neurology (likely)",UVA SOM/news pages (2017-2022) list Karen C. Johnston as Harrison Distinguished Professor of Neurology and THRIV director; no 2025+ source found.
269,C: NIH Multi-PI only,Kagan,Leonid,Multi-PI,NIH,,Unknown (possibly another institution),No UVA link found for Leonid Kagan; as a Multi-PI he may be a co-lead elsewhere.
274,C: NIH Multi-PI only,Keene,Keith,Multi-PI,NIH,,unknown,Two searches found no UVA or other profile for Keith Keene.
278,C: NIH Multi-PI only,Kent,K,Multi-PI,NIH,,"University of Virginia (likely K. Craig Kent, surgery/former UVA Health CEO)","Initials only; an aggregator shows K. Craig Kent holding FY2024 UVA NIH R01s, but his current status after leaving the UVA Health CEO role is unverified."
283,C: NIH Multi-PI only,Kiessling,Volker,Multi-PI,NIH,,unknown,Search returned no results for Volker Kiessling at UVA.
285,C: NIH Multi-PI only,Kim,Justin,Multi-PI,NIH,,Unknown,"Common name; results showed only UVA MD alumni now elsewhere, and no current UVA researcher."
286,C: NIH Multi-PI only,Klein,Eili,Multi-PI,NIH,,Unknown (possibly another institution),No result for Eili Klein at UVA; as a Multi-PI he may be a co-lead elsewhere.
289,C: NIH Multi-PI only,Kordula,Tomasz,Multi-PI,NIH,,Unknown (possibly another institution),No UVA link found for Tomasz Kordula; as a Multi-PI he may be a co-lead elsewhere.
291,C: NIH Multi-PI only,Koval,Michael,Multi-PI,NIH,,Unknown (possibly another institution),No relevant result for Michael Koval at UVA; as a Multi-PI he may be a co-lead elsewhere.
337,C: NIH Multi-PI only,Liu,Bin,Multi-PI,NIH,,Unknown,Very common name on an NIH multi-PI grant; no UVA Bin Liu found (several elsewhere).
338,C: NIH Multi-PI only,Liu,Chang-Chia,Multi-PI,NIH,,Unknown,Multi-PI; the combined search turned up nothing for Chang-Chia Liu.
339,C: NIH Multi-PI only,Liu,Song,Multi-PI,NIH,,Unknown,Multi-PI with a common name; no UVA Song Liu found in the combined search.
364,C: NIH Multi-PI only,Marchi,Enrica,Multi-PI,NIH,,Unknown,"No results tying Enrica Marchi to UVA; NIH Multi-PI, so she may be at another institution."
384,C: NIH Multi-PI only,Mende-Siedlecki,Peter,Multi-PI,NIH,,"unknown (likely University of Delaware, unverified)","Searches returned nothing; background knowledge says Univ. of Delaware psychology, unconfirmed."
388,C: NIH Multi-PI only,Miller,G.,Multi-PI,NIH,,"Likely UVA (G. Wilson Miller, radiology/imaging)","Initials only; a G. Wilson Miller holds an FY2026 NIH award at UVA (third-party aggregator), but no UVA profile turned up."
400,C: NIH Multi-PI only,Moscoso-Vásquez,Marcela,Multi-PI,NIH,,Unknown,The search returned nothing on this name; it may be a UVA Center for Diabetes Technology researcher.
415,C: NIH Multi-PI only,Oduor,Chrispine,Multi-PI,NIH,,unknown,"No result linking Chrispine Oduor to UVA; likely a collaborator elsewhere (e.g., Kenya) but unverified."
427,C: NIH Multi-PI only,Paredes Olortegui,Maribel,Multi-PI,NIH,,unknown,No results found; likely a Peru-based collaborator but unverified.
430,C: NIH Multi-PI only,Parker,Margaret,Multi-PI,NIH,,unknown,No Margaret Parker found at UVA; likely co-lead elsewhere but unverified.
432,C: NIH Multi-PI only,Patel,Amit,Multi-PI,NIH,,unknown,Common name; search returned no specific Amit Patel UVA profile.
466,C: NIH Multi-PI only,Ramakrishnan,Girija,Multi-PI,NIH,,Unknown,"Search found no pages for Girija Ramakrishnan at UVA, only an unrelated Virginia Tech Ramakrishnan."
467,C: NIH Multi-PI only,Ramanadham,Sasanka,Multi-PI,NIH,,University of Alabama at Birmingham (likely),No UVA link found; possible co-lead elsewhere (UAB unverified).
484,C: NIH Multi-PI only,Rosenthal,Eric,Multi-PI,NIH,,Unknown,"No UVA-linked Eric Rosenthal found; results show others (e.g., Eric S. Rosenthal at Mass General), likely a Multi-PI elsewhere."
501,C: NIH Multi-PI only,Sharma,Ajay,Multi-PI,NIH,,,Common name; two searches found no Ajay Sharma at UVA (one namesake at Univ. of Georgia); likely Multi-PI elsewhere.
513,C: NIH Multi-PI only,Shi,Yingtang,Multi-PI,NIH,,,"One search found no Yingtang Shi profile anywhere; Multi-PI, may be at another institution."
519,C: NIH Multi-PI only,Siegrist,Mary,Multi-PI,NIH,,unknown,Two searches found no Mary Siegrist at UVA or elsewhere; Multi-PI may be at another institution.
552,C: NIH Multi-PI only,Sutherland,Ann,Multi-PI,NIH,,unknown,Search found no Ann Sutherland at UVA.
634,C: NIH Multi-PI only,Zhao,Zhen,Multi-PI,NIH,,Unknown (likely external Multi-PI),Search found no UVA Zhen Zhao; the only hits were namesakes at SDSU and elsewhere.
